{
	"class_name" : "PinholeCameraParameters",
	"extrinsic" : 
	[
		-0.59295902873751261,
		-0.53240928750459793,
		-0.60410259130176902,
		0.0,
		0.58281434098633844,
		0.23390840839943389,
		-0.7782122463831469,
		0.0,
		0.55563210326557433,
		-0.81352763140466844,
		0.17159766537393245,
		0.0,
		1.3228373309325931,
		-4.6493993701797791,
		18.282539494293083,
		1.0
	],
	"intrinsic" : 
	{
		"height" : 705,
		"intrinsic_matrix" : 
		[
			610.54790966802932,
			0.0,
			0.0,
			0.0,
			610.54790966802932,
			0.0,
			682.5,
			352.0,
			1.0
		],
		"width" : 1366
	},
	"version_major" : 1,
	"version_minor" : 0
}